...1,Green.Space.5.mil,Green.Space.12.5.mil,Green.Space.25.mil,Temp.Redux.5.mil,Temp.Redux.12.5.mil,Temp.Redux.25.mil,BlockGroup,AvgReduxinNighttimeAnnualTemp_Celsius,PercentPopIncomeBelow2xPovertyLevel,Percent_GreenSpace,long,lat
1,67.9200551191333,67.9201815633455,86.873044744165,0.748617924167581,0.748619805593965,1.03062889267339,371000000000,0.847667,56.50623886,67.91999817,-78.88460488,36.02022844
2,73.3000461598138,73.3000990210914,73.3010590530402,0.828669489327046,0.828670275876313,0.828684560669637,371000000000,0.907226,42.75788348,73.30000305,-78.8838644,36.02885952
3,70.1200547316888,70.1201470242771,70.1236126185285,0.781352813687583,0.781354186954954,0.781405753257191,371000000000,0.825103,52.4137931,70.12000275,-78.90368904,36.02326272
4,65.3300439309842,65.3300934291119,65.3309614656885,0.710079858244401,0.710080594751686,0.710093510700067,371000000000,0.741116,41.38785626,65.33000183,-78.90122109,36.03312664
5,64.8400628797118,64.8403066973883,96.7158931705709,0.702789186242116,0.702792814126711,1.17708553473901,371000000000,0.742552,62.67837541,64.83999634,-78.88002715,36.00959211
6,63.530053209959,63.5301608540857,63.5380672920048,0.683296900168628,0.683298501859181,0.683416145685252,371000000000,0.690315,54.52436195,63.52999878,-78.89177338,36.00522303
7,75.8700373407422,75.8700674631449,75.870525914154,0.866909667595691,0.866910115801918,0.866916937322726,371000000000,0.960217,28.82797732,75.87000275,-78.89539737,36.00986406
8,60.0000316904551,60.0002342390015,84.9929210297792,0.630771952534675,0.630774966355337,1.00265359589465,371000000000,0.46284,62.7430911,43.97000122,-78.91069399,36.01965863
9,69.4800376493304,69.4800671126565,69.4805146170187,0.771829680882309,0.771830119281807,0.771836777922006,371000000000,0.861752,28.18897638,69.48000336,-78.9144127,36.01516696
10,72.1300296355056,72.1300554136439,72.1304427226059,0.811260230961168,0.811260614526923,0.811266377489792,371000000000,0.967994,24.01574803,72.12999725,-78.91467542,36.01156011
11,81.0200269048857,81.0200490441446,81.0203802328529,0.943538926277961,0.943539255699017,0.943544183620692,371000000000,1.049724,18.77934272,81.01999664,-78.90302361,36.01501127
12,76.5600390900091,76.5600868741941,76.5609100960768,0.877176547145104,0.877177258149782,0.877189507278021,371000000000,1.001626,40.60606061,76.55999756,-78.90378381,36.01146324
13,69.4000555902128,69.4001607775947,69.4070048464622,0.770639588005086,0.770641153140509,0.770742989448557,371000000000,0.901283,54.21760391,69.40000153,-78.9065127,36.00731602
14,72.1500286226256,72.1500459606674,72.1503079964686,0.811557805847159,0.811558063828515,0.811561962789657,371000000000,0.791461,9.309791332,72.15000153,-78.9270117,36.02498007
15,78.1400325177866,78.1400597233135,78.1404696680007,0.900686055967493,0.900686460772074,0.900692560543168,371000000000,0.964205,25.72178478,78.13999939,-78.92698965,36.01946431
16,65.610036503546,65.6100693724713,65.6105763627113,0.714246007127757,0.714246496200861,0.71425403996105,371000000000,0.527745,31.35435993,65.61000061,-78.9380664,36.02093514
17,60.0000102174969,60.0000563231135,60.0004992929672,0.630771633027839,0.630772319056263,0.630778910225251,371000000000,0.583461,34.79749002,51.41999817,-78.92812022,36.01248291
18,67.0006856145471,99.9670430051977,99.9996244375136,0.734938167594474,1.22546101173551,1.22594580708782,371000000000,0.699625,94.90131579,67,-78.9251309,36.00395296
19,66.8800353165208,66.8800733723172,66.8806786824863,0.733142951743567,0.733143517994709,0.733152524706073,371000000000,0.862927,35.24451939,66.87999725,-78.91797012,35.99957401
20,63.1700607973658,63.1702451705346,95.1720782192249,0.67794039383698,0.677943137217149,1.15411434347914,371000000000,0.700161,60.39325843,63.16999817,-78.91869384,35.99454215
21,66.1100727805032,66.1104572356522,98.3200690014769,0.721686295839069,0.721692016338635,1.20095486557692,371000000000,0.801081,65.52984166,66.11000061,-78.91985634,35.98927044
22,72.060066093077893,72.0603495215303,97.7125612651259,0.810219208581561,0.81022342585461,1.19191545551589,371000000000,0.887973,63.72575799,72.05999756,-78.92759374,35.97914725
23,75.710042145184,75.7100948625621,75.7110506873366,0.864529019426283,0.864529803834398,0.864544026027082,371000000000,0.973152,42.69911504,75.70999908,-78.93451135,35.98545882
24,90.6200272136121,90.6200414111733,90.6202587217908,1.08638211029704,1.08638232154962,1.08638555502248,371000000000,1.046455,0,90.62000275,-78.94435096,35.9901614
25,60.0000213718457,60.0001153871093,60.0038197797358,0.630771798998949,0.630773197898861,0.630828317401008,371000000000,0.405412,53.62731152,49.04000092,-78.90991749,35.99429973
26,84.3400246210827,84.3400437154412,84.3403302256658,0.99293882518073,0.992939109295196,0.992943372423469,371000000000,1.05485,13.1713555,84.33999634,-78.91283432,35.98182027
27,82.1500315201727,82.1500532207468,82.1503778381996,0.96035282752931,0.960353150422956,0.960357980567649,371000000000,1.056046,18.04961506,82.15000153,-78.91998861,35.97419721
28,65.8700707097659,65.8703421848666,97.199391596477,0.718115185541903,0.718119224955083,1.18427974853105,371000000000,0.714413,63.44086022,65.87000275,-78.88273371,35.99989799
29,61.6701010919276,90.2718146851282,99.9988881641247,0.655621746614609,1.08120088272574,1.22593485170951,371000000000,0.685738,75.61576355,61.66999817,-78.88940023,36.00001732
30,60.2200831650017,60.2214435582303,99.9774932092458,0.634046207978579,0.634066449946708,1.22561650552424,371000000000,0.604393,69.48640483,60.22000122,-78.88180753,35.99260041
31,64.290083606186,64.2917499777889,99.8667017578399,0.694605770820398,0.694630565593092,1.2239679843605,371000000000,0.755617,69.8212408,64.29000092,-78.87720685,35.98677939
32,60.0000501801864,62.7353838679872,92.9944506387347,0.630772227652591,0.671472619397885,1.12171233856231,371000000000,0.662885,71.90553746,58.29999924,-78.87317152,35.98005686
33,62.2600559132196,62.2601877225595,92.2725243770135,0.664399978113639,0.664401939370429,1.11097043829825,371000000000,0.658896,56.9870484,62.25999832,-78.8686807,36.00045423
34,67.1400522543952,67.14014979325,67.1445082860978,0.737011873213405,0.737013324542584,0.737078176727573,371000000000,0.666354,53.19767442,67.13999939,-78.8665987,35.9872941
35,67.0200882062056,86.4251260158794,99.9898970105741,0.735226868415473,1.02396408691584,1.22580106785952,371000000000,0.778827,72.65469062,67.01999664,-78.87526444,35.9915803
36,69.7101389052551,95.2799683874629,99.9994250070266,0.77525347202669,1.15571969500621,1.22594283966232,371000000000,0.860054,81.72661871,69.70999908,-78.87609385,35.99746096
37,60.0000699776566,79.6544717183489,96.37653261067,0.630772522229007,0.92322015080653,1.17203602001528,371000000000,0.53156,78.75706215,53.91999817,-78.89059429,35.99344063
38,60.0001598266925,88.9626083945665,99.9981629226268,0.630773859137544,1.06172055053121,1.2259240604802,371000000000,0.36741,88.85350318,43.20999908,-78.88954956,35.98681091
39,63.8402658174907,99.0993124883645,99.9995665191328,0.687912707997551,1.21254961737,1.2259449452914,371000000000,0.691264,89.78032474,63.84000015,-78.89925132,35.98021488
40,60.0000975136455,84.9315264546173,98.2258235192204,0.630772931950695,1.00174007544511,1.19955254012567,371000000000,0.458997,83.50951374,48.45999908,-78.89999771,35.97339507
41,69.9700397116973,69.9700788804997,69.9707065750531,0.779120665519132,0.779121248331243,0.779130588111005,371000000000,0.819855,35.96214511,69.97000122,-78.90469176,35.9712845
42,70.380064419647,70.3803197587368,97.1968771777567,0.785221627282308,0.785225426599748,1.18424233524309,371000000000,0.797337,63.00990099,70.37999725,-78.90981025,35.96665755
43,72.0901285604713,94.7640989289478,99.9994010656619,0.810666523000711,1.14804381650384,1.22594248342683,371000000000,0.782782,80.72601556,72.08999634,-78.88946963,35.97177444
44,60.0000640588813,77.5065398831162,95.7575320472856,0.630772434160602,0.891260003667611,1.16282560245903,371000000000,0.523759,77.32831609,55.43000031,-78.88466168,35.97816905
45,60.0002134572874,90.3380138228156,99.9941452841518,0.630774657133866,1.08218589265309,1.22586428003712,371000000000,0.604256,91.07142857,55.47000122,-78.9408338,36.0012675
46,60.0000568786376,73.3467769408152,94.579807269308,0.630772327322182,0.829364819882803,1.1453016491492,371000000000,0.394118,75.10548523,42.86000061,-78.9404539,36.01267863
47,60.0000784770388,81.7792058714347,96.95950977299,0.630772648695546,0.954835128083662,1.18071042745259,371000000000,0.323652,80.45977011,32.61000061,-78.94629352,36.01023767
48,60.0000457905783,60.006633582926,92.2430512589131,0.630772162337428,0.630870185379546,1.11053189310064,371000000000,0.476014,70.84314649,50.56000137,-78.9507799,36.01076508
49,60.6702813200792,99.3309426833206,99.9995747876059,0.640744930462194,1.21599615835942,1.22594506832213,371000000000,0.651928,90.42553191,60.66999817,-78.95535577,36.00315489
50,63.7800233504616,63.7800374299126,63.7802546881235,0.687016330338502,0.687016539833663,0.687019772526748,371000000000,0.67518,0,63.77999878,-78.91566928,36.00684428
51,83.9000314203401,83.9000529742043,83.9003753382997,0.986391947293269,0.986392268003946,0.986397064619812,371000000000,0.984319,17.7916234,83.90000153,-78.88776574,36.08235058
52,88.8900375884062,88.8900759897605,88.8906880714586,1.06064073337648,1.06064130476935,1.06065041223766,371000000000,0.953767,35.4534005,88.88999939,-78.89994653,36.09986231
53,89.8400247158798,89.8400440389115,89.8403333082937,1.07477606480372,1.07477635232073,1.07478065650388,371000000000,1.103366,13.56321839,89.83999634,-78.92298932,36.07489442
54,81.830028768264,81.8300459485511,81.8303054506641,0.955591347268111,0.955591602902156,0.95559546416329,371000000000,0.935656,8.861283644,81.83000183,-78.92229571,36.09319282
55,85.5200262391561,85.5200473469508,85.5203630307388,1.01049665672789,1.01049697080127,1.01050166801752,371000000000,0.894654,17.00819672,85.51999664,-78.91851126,36.1137441
56,86.4400277902095,86.440042963191,86.4402742590953,1.02418581783505,1.02418604360139,1.02418948516831,371000000000,1.068514,3.292410714,86.44000244,-78.95766979,36.071607
57,84.5400275386609,84.5400443144974,84.5402980035102,0.995914768164191,0.995915017780214,0.995918792545336,371000000000,1.010037,7.8125,84.54000092,-78.96344471,36.08545042
58,71.220036783272107,71.2200689628528,71.2205633437259,0.797719994266647,0.797720473082649,0.797727829221791,371000000000,0.747754,30.74433657,71.22000122,-78.9183273,36.04371464
59,71.9900368407171,71.990077307049,71.9907319260952,0.809177208471145,0.809177810589844,0.809187550992538,371000000000,0.692939,36.76177837,71.98999786,-78.94187263,36.03379182
60,69.0200601713301,69.0202563437175,95.8478695594003,0.764985446984223,0.764988365930842,1.16416977927693,371000000000,0.859366,60.9375,69.01999664,-78.91864768,36.03390484
61,88.6600458526777,88.6600954978145,88.6609680136558,1.05721857183762,1.05721931053233,1.05723229312992,371000000000,1.085551,41.44775248,88.66000366,-78.9713135,36.01694508
62,72.2000404028877,72.2000944263828,72.2010885213035,0.812301956024384,0.812302759866864,0.812317551500107,371000000000,0.706876,43.20407364,72.19999695,-78.96008238,36.02069777
63,80.020033429438,80.0200684376482,80.0206141853389,0.928659525503213,0.928660046407802,0.928668166859395,371000000000,0.869305,33.04410701,80.01999664,-78.97840775,36.0477092
64,69.2900297981027,69.2900496913634,69.2903482458153,0.76900245946719,0.769002755468919,0.769007197809247,371000000000,0.682891,14.85549133,69.29000092,-78.96864847,36.03282282
65,79.5900238716886,79.590041855615,79.590312768377,0.922261199210273,0.922261466802066,0.922265497847928,371000000000,0.901471,10.78838174,79.58999634,-78.96473368,36.04130667
66,87.9400293609454,87.9400465933358,87.9403063742427,1.04650508799202,1.04650534440134,1.04650920981079,371000000000,1.087439,8.905852417,87.94000244,-78.95762662,36.05857513
67,85.4500239618129,85.4500412777539,85.4503024705597,1.00945505799219,1.00945531564469,1.00945920206249,371000000000,0.922806,9.154383243,85.44999695,-78.9453842,36.04860978
68,70.8900548767274,70.890170022778,70.9224014316816,0.79281002919543,0.792811742510842,0.793291329690546,371000000000,0.838048,55.37563048,70.88999939,-78.88613455,36.06766424
69,75.7400691195899,75.7404225233168,98.7376921951727,0.864975805727603,0.864981064197599,1.20716888899247,371000000000,0.868299,65.06666667,75.73999786,-78.8750199,36.04000198
70,78.3901060380395,92.1496420362464,99.9992403186019,0.904407024376141,1.10914201077217,1.2259400915913,371000000000,0.94696,76.30878438,78.38999939,-78.87823386,36.03365542
71,70.200071943518,70.2005738008499,99.1099172394129,0.782543429619504,0.782550897004599,1.21270741074049,371000000000,0.835505,66.7867036,70.19999695,-78.88652254,36.05059593
72,70.8900394745228,70.890082966561,70.8908038434765,0.79280980001836,0.792810447158048,0.792821173444568,371000000000,0.840033,38.48372476,70.88999939,-78.91219129,36.06013808
73,64.4300883986518,77.165675736892,99.9795930738354,0.696688971829837,0.886188116334404,1.2256477504549,371000000000,0.57332,71.62162162,64.43000031,-78.9145901,36.05021232
74,81.1200493957565,81.1201154207129,81.1215389059305,0.945027210716506,0.945028193134703,0.945049373879948,371000000000,0.926821,47.02495202,81.12000275,-78.93076679,36.06392348
75,71.7000495128987,71.7001452367215,71.7041489043936,0.804862342648369,0.804863766970785,0.80492333953533,371000000000,0.680667,52.93141593,71.69999695,-78.92392559,36.05288004
76,67.7800499683636,67.7801377715979,67.7830487145399,0.74653471782676,0.746536024294797,0.746579337664064,371000000000,0.548649,51.68674699,67.77999878,-78.93246551,36.05082383
77,78.1800317975542,78.1800559926416,78.1804184325578,0.90128122516507,0.901281585175821,0.901286978099777,371000000000,0.897439,21.89086294,78.18000031,-78.83660112,36.02221759
78,81.7500753362365,81.7505850403444,99.9575119323018,0.954401680347613,0.954409264488794,1.22531919415678,371000000000,0.90524,66.84350133,81.75,-78.85931742,36.01220683
79,83.1000342068893,83.100066816993,83.1005685730577,0.974488390470274,0.974488875692242,0.974496341570531,371000000000,0.920544,31.09565217,83.09999847,-78.85483203,36.04329163
80,79.9000501569187,79.9001249103185,79.9019889558252,0.926874234656909,0.926875346949961,0.926903083011082,371000000000,0.851617,49.15773354,79.90000153,-78.84251652,36.03361343
81,74.140055369621,74.1401741594142,74.5505537904113,0.841168404564073,0.841170172096546,0.847276414936446,371000000000,0.844253,55.75666164,74.13999939,-78.84866603,35.99889007
82,73.4200514373251,73.4201514889571,73.4250625531561,0.830455107596581,0.830456596314625,0.830529670483849,371000000000,0.745898,53.54239257,73.41999817,-78.84586139,35.99160239
83,73.6400520126837,73.6401480901071,73.6442138643045,0.833728605686126,0.833730035269942,0.833790531948399,371000000000,0.837337,52.98165138,73.63999939,-78.85113013,35.98180695
84,81.8000723001252,81.8003689798078,99.2872108977051,0.955145610064643,0.955150024509343,1.21534545134908,371000000000,0.942132,64.01718582,81.80000305,-78.85908235,35.97348191
85,82.7300335015781,82.7300554512451,82.7303837471799,0.968982965768577,0.968983292368601,0.968988177247258,371000000000,0.935838,18.46075173,82.73000336,-78.820977009999993,36.01228499
86,75.5200397161064,75.520092469975907,75.5210493455192,0.861701878690034,0.861702663641123,0.861716901468719,371000000000,0.794621,42.71356784,75.51999664,-78.83638804,35.97581384
87,71.0100310400217,71.0100509758764,71.0103500887567,0.794595214260035,0.794595510895543,0.794599961545003,371000000000,0.629451,14.92905614,71.01000214,-78.8076303,35.98714263
88,68.590024902857,68.5900443192487,68.5903360159839,0.758586738128625,0.758587027034784,0.758591367335729,371000000000,0.648923,13.91927575,68.58999634,-78.82759443,35.98989004
89,72.6600293082265,72.6600447531147,72.6602804187021,0.819146359955529,0.819146589767711,0.819150096353313,371000000000,0.695296,4.250681199,72.66000366,-78.81167798,35.97389765
90,83.7800297207967,83.7800530058409,83.7804013380404,0.9846063822621,0.984606728731865,0.984611911740081,371000000000,0.966031,20.55114433,83.77999878,-78.81326896,35.95656667
91,82.0400417274855,82.0400873209664,82.0408569127908,0.95871623464475,0.958716913052852,0.958728364192753,371000000000,0.873087,39.55685891,82.04000092,-78.85169051,35.94771253
92,77.4700311204642,77.4700526495458,77.4703748844707,0.890716771611974,0.890717091953898,0.890721886647774,371000000000,0.690678,17.78151261,77.47000122,-78.82617191,35.93456517
93,80.0100287538932,80.010045485879,80.0102987886742,0.928510660954885,0.928510909918433,0.928514678936831,371000000000,0.98227,7.744636316,80.01000214,-78.932641,35.96310444
94,79.0800289032798,79.0800462494143,79.0803081879028,0.91467273017085,0.91467298827262,0.9146768857858,371000000000,0.921427,9.288354898,79.08000183,-78.94024278,35.94098942
95,78.8600363406051,78.8600689265579,78.8605703150535,0.911399351306017,0.911399836168631,0.911407296577677,371000000000,0.978127,31.08108108,78.86000061,-78.942257,35.95501794
96,83.6300285070351,83.6300523325846,83.6304089157102,0.982374439523416,0.982374794035628,0.98238009981348,371000000000,0.950185,21.34502924,83.62999725,-78.95137509,35.94855411
97,79.6600292127883,79.6600445723061,79.6602788448425,0.923302843533131,0.923303072075043,0.923306557932747,371000000000,0.987491,3.947368421,79.66000366,-78.95722904,35.93721218
98,68.6100449541055,68.6101020976918,68.6111934980711,0.75888462643827,0.75888547670614,0.758901716195744,371000000000,0.776034,44.32907348,68.61000061,-78.88244962,35.9652651
99,73.0100441912517,73.0100935921186,73.0109584882763,0.824354405657354,0.824355140717449,0.824368009937973,371000000000,0.863162,41.33333333,73.01000214,-78.9008426,35.95783596
100,75.9400468870146,75.9401044358455,75.9412086886023,0.867951374489408,0.867952230787114,0.867968661513642,371000000000,0.874495,44.4588464,75.94000244,-78.91815724,35.95581689
101,82.3600269851185,82.3600434180954,82.3602924503253,0.96347745459991,0.963477699114356,0.963481404588887,371000000000,0.920839,6.940700809,82.36000061,-78.91640517,35.89778038
102,87.040032471351,87.0400568408656,87.0404216135837,1.03311358620217,1.03311394880831,1.03311937644319,371000000000,1.007632,22.09543568,87.04000092,-78.90531536,35.89496788
103,79.4200263929725,79.4200453650724,79.4203303437823,0.919731722090053,0.919732004385373,0.919736244725476,371000000000,0.807398,12.95210166,79.41999817,-78.90805909,35.88174562
104,64.4800433015128,64.4800863306541,64.4807972734917,0.697432275699893,0.697432915951909,0.697443494424338,371000000000,0.720227,38.24657534,64.48000336,-78.93941779,35.9679464
105,60.0000216950924,60.0001147349622,60.0037469821381,0.630771803808696,0.63077318819524,0.63082723420931,371000000000,0.569181,53.52422907,53.93999863,-78.95066325,35.96448014
106,60.0000046115293,60.0000396968298,60.0002913461377,0.630771549613857,0.63077207166551,0.630775816080848,371000000000,0.482426,19.40532081,43.95000076,-78.95235328,35.97148471
107,61.7900652044534,61.7902723484021,95.8070151102304,0.657406752369832,0.657409834567773,1.16356188558807,371000000000,0.707448,61.39981977,61.79000092,-78.97119197,35.95814188
108,60.0000080024304,60.0000487797721,60.0003952019313,0.630771600068762,0.63077220681513,0.630777361402905,371000000000,0.46301,29.11330049,45.61000061,-78.96166856,35.95937928
109,88.5300237489464,88.5300384946804,88.5302636679471,1.05528390822382,1.05528412763293,1.05528747809807,371000000000,1.052558,1.900584795,88.52999878,-78.97886642,35.99501904
110,72.5100273436987,72.5100422357407,72.5102702914217,0.81691440604582,0.816914627631928,0.816918020985944,371000000000,0.910234,2.575660013,72.51000214,-78.95952188,35.97964637
111,73.7300347289906,73.730058694319,73.7304177363342,0.835067503320566,0.835067859912618,0.835073202277513,371000000000,0.896782,21.58167036,73.73000336,-78.98481277,35.96643061
112,73.0100290674314,73.0100461846973,73.0103050967011,0.824354180622503,0.824354435318825,0.82435828779943,371000000000,0.850721,8.763277693,73.01000214,-79.00096892,35.92357953
113,72.4400440486573,72.4400920614927,72.4409211843605,0.815873089757239,0.815873804164121,0.815886141096056,371000000000,0.889008,40.71573261,72.44000244,-78.98560992,35.94533335
114,83.4000284701713,83.4000456662495,83.4003053107094,0.978952154467834,0.978952410336842,0.978956273716027,371000000000,1.009655,8.885163453,83.40000153,-78.97795279,35.92711239
115,83.4100423833557,83.4100821859389,83.4107227414738,0.979101156467599,0.979101748710051,0.979111279854759,371000000000,1.04142,36.34377276,83.41000366,-78.97281259,35.9033351
116,91.7300418857566,91.7300810345432,91.730708823238,1.10289857123224,1.10289915374652,1.10290849492706,371000000000,1.08842,35.95068138,91.73000336,-78.99290699,35.87854232
117,83.840021887001,83.8400372717618,83.8402716922597,0.985499035570561,0.985499264488077,0.985502752547374,371000000000,1.025938,3.976143141,83.83999634,-78.98976682,35.89821934
118,88.5500287550464,88.550044410968,88.5502821337748,1.05558157266921,1.05558180562146,1.05558534281745,371000000000,1.076318,4.67404674,88.55000305,-78.95810003,35.88321462
119,81.2600278301582,81.2600433728424,81.2602801091811,0.947110019531186,0.947110250798522,0.947113773316366,371000000000,0.900007,4.471903501,81.26000214,-78.93092616,35.88194935
120,60.0000636353193,60.0000965521547,60.000721749997,0.630772427858213,0.630772917644195,0.63078222027415,371000000000,0.606078,21.44886364,60,-78.94858209,35.90541503
121,67.5600316325091,67.5600606405018,67.5605005943652,0.743260955469954,0.743261387094319,0.743267933386888,371000000000,0.736309,27.72795217,67.55999756,-78.92628536,35.90655887
122,65.6800354460492,65.6800666546128,65.6805442574629,0.715287556242713,0.715288020610468,0.715295127101052,371000000000,0.675429,29.88764045,65.68000031,-78.92498671,35.91311583
123,63.1300316821355,63.1300542746188,63.1303930086383,0.6773447807027,0.677345116867507,0.677350157059624,371000000000,0.692957,19.58708311,63.13000107,-78.92066611,35.92153273
124,81.5300278489665,81.5300480986725,81.5303514299319,0.951127484232383,0.951127785537839,0.951132298954663,371000000000,0.89939499999999994,15.47518923,81.52999878,-78.94679155,35.91914586
125,65.8500322338563,65.8500606078992,65.8504901262432,0.717817023082552,0.717817445274063,0.717823836291342,371000000000,0.732083,27.06367925,65.84999847,-78.93719692,35.91682012
126,68.0800282730716,68.0800447188262,68.0802944036829,0.750998244368753,0.750998489073323,0.751002204258614,371000000000,0.782725,7.073954984,68.08000183,-78.93140217,35.93614511
127,73.8500303904101,73.8500553316553,73.8504294564998,0.836852978507483,0.836853349620687,0.836858916410509,371000000000,0.863743,22.92490119,73.84999847,-78.94154598,35.92500813
128,68.4100296940798,68.4100456094671,68.4102879132924,0.755908499805388,0.75590873661836,0.75591234197761,371000000000,0.814158,5.628847845,68.41000366,-78.93217396,35.92661731
129,68.5500341892871,68.5500577274964,68.550410420455,0.757991696391769,0.757992046628505,0.757997294522625,371000000000,0.762898,20.98512057,68.55000305,-78.91648173,35.93514892
130,69.9400318656197,69.9400526041455,69.9403634402843,0.778674163837732,0.778674472416582,0.778679097502244,371000000000,0.728674,16.43035863,69.94000244,-78.90302379,35.92940893
131,80.5700337879848,80.5700629178049,80.5705044771141,0.936843254659455,0.93684368809655,0.936850258277345,371000000000,0.947298,27.81954887,80.56999969,-78.89499009,35.92300065
132,60.0000162898155,60.0000875226597,60.0012711638638,0.630771723380891,0.630772783289844,0.630790395276604,371000000000,0.598766,47.90136411,58.49000168,-78.91161586,35.94627425
133,71.9600394057287,71.9600835926522,71.9608203003193,0.808730861701524,0.808731519180758,0.808742481020912,371000000000,0.878351,38.84958474,71.95999908,-78.89235133,35.94508285
134,73.470050739728,73.4701298578905,73.4722767807649,0.831199072109526,0.831200249348056,0.831232194482365,371000000000,0.788143,50.07974482,73.47000122,-78.87721375,35.94039015
135,71.2800337200129,71.280064552532,71.2805353470611,0.798612718558298,0.798613177330699,0.798620182516886,371000000000,0.757434,29.52054795,71.27999878,-78.8983602,35.89438982
136,75.9500338097345,75.9500689715199,75.9506176864484,0.868099974884616,0.868100498074325,0.868108662676928,371000000000,0.863888,33.16725979,75.94999695,-78.9079154,35.90560737
137,79.0700255652608,79.0700413289266,79.0702812062174,0.914523885524235,0.914524120079667,0.914527689333301,371000000000,0.870442,5.128205128,79.06999969,-78.83341244,35.9121195
138,62.8900346563179,62.8900661035808,62.8905481921709,0.673773745471406,0.673774213390887,0.67378138662703,371000000000,0.679444,30.11928429,62.88999939,-78.81342249,35.91422154
139,60.0000503621552,67.4389981230897,93.3107039371939,0.630772230360196,0.741460037625946,1.12641802883894,371000000000,0.255522,72.85499247,31.77000046,-78.90179059,35.99941187
140,60.0000513175238,68.3170283695826,93.6046542883746,0.630772244575602,0.754524686796852,1.13079186245934,371000000000,0.446123,73.11827957,52.09999847,-78.90391404,35.98836063
141,67.4783488280951,94.59477791159,99.9994227348674,0.742045556356738,1.14552440478895,1.22594280585373,371000000000,0.26666,100,49.00999832,-78.89850212,35.98610664
142,62.5700350214913,62.5700666016244,62.5705510861262,0.669012311590823,0.669012781487346,0.669019990373452,371000000000,0.580532,30.24193548,62.56999969,-79.0900113,35.91176594
143,60.5700683073407,60.5703546316965,97.2202692310376,0.639253811153928,0.639258071516566,1.18459039724975,371000000000,0.492382,63.78539493,60.56999969,-79.08111188,35.91107436
144,60.0000489369966,64.6675992300662,93.0641755717855,0.630772209154552,0.700223013736836,1.1227498105542,371000000000,0.29551500000000003,72.19935985,50.43999863,-79.08161311,35.90530426
145,73.5800620952912,73.5802190584611,94.8445246212419,0.832835985838854,0.832838321372004,1.14924051041996,371000000000,0.755946,58.85111372,73.58000183,-79.07538607,35.90596098
146,78.0500413387006,78.0500800229025,78.0506975597726,0.899347032411152,0.899347608012651,0.899356796651187,371000000000,0.752905,35.63714903,78.05000305,-79.09037983,35.90070863
147,84.6300390984237,84.6300878066256,84.6309349263211,0.997254094974769,0.997254819728355,0.997267424444049,371000000000,0.930816,41.02449889,84.62999725,-79.08729273,35.8898653
148,80.4100384200482,80.4100689152176,80.4105336351493,0.934462603925142,0.934463057677949,0.934469972477178,371000000000,0.886934,29.17948718,80.41000366,-79.0893357,35.92108659
149,77.9700891795155,78.3455585902725,99.9975030969661,0.898157384429909,0.903744180722566,1.22591424260569,371000000000,0.909011,71.50621118,77.97000122,-79.07410599,35.92006031
150,65.0100406157212,65.0100796983856,65.0107059732101,0.705318369600772,0.705318951131194,0.705328269786102,371000000000,0.570457,35.91885442,65.01000214,-79.06878779,35.90787356
151,62.9000330041478,62.9000570639502,62.9004181398551,0.673922515866513,0.673922873864291,0.673928246492444,371000000000,0.53505,21.76870748,62.90000153,-79.07513353,35.91233007
152,85.0900225818082,85.0900388679178,85.0902856894,1.00409841822996,1.00409866055909,1.00410233313881,371000000000,0.891951,6.512605042,85.08999634,-79.09523927,35.93695029
153,89.1800254819718,89.1800404898755,89.1802691757838,1.06495560761729,1.06495583092736,1.06495923365884,371000000000,1.139672,2.706843718,89.18000031,-79.08102088,35.93542729
154,93.4300824900759,93.4309555456963,99.9988195913554,1.1281943217607,1.12820731238993,1.22593383138114,371000000000,1.261831,68.65671642,93.43000031,-79.03389837,36.06519345
155,86.6200479937227,86.6201082544885,86.6213072011053,1.02686442806741,1.02686532471734,1.02688316444095,371000000000,1.054908,45.35232384,86.62000275,-79.01295215,36.02695298
156,88.4300322357834,88.4300572848351,88.4304325276773,1.05379608471801,1.05379645743532,1.05380204086038,371000000000,1.118158,23.00985595,88.43000031,-79.07882715,36.03370428
157,80.1700259999468,80.1700444094202,80.1703213363843,0.930891339634636,0.930891613558356,0.930895734092525,371000000000,0.816382,11.7396358,80.16999817,-79.08210287,36.09123666
158,84.4100415695352,84.410079288986,84.410677451287,0.993980642215169,0.993981203461656,0.993990103816333,371000000000,1.002335,34.99308437,84.41000366,-79.07583765,36.06802991
159,74.2000283267775,74.2000523081231,74.2004115812397,0.842060772051549,0.84206112888193,0.842066474685499,371000000000,0.751791,21.60278746,74.19999695,-79.10539222,36.07888479
160,71.0700421048121,71.0700926594455,71.0709884077358,0.795488148769969,0.795488900997528,0.795502229282294,371000000000,0.7655,41.82879377,71.06999969,-79.11123321,36.07347412
161,83.6800363335705,83.6800695843061,83.6805828757028,0.983118530871172,0.98311902562542,0.983126663143658,371000000000,0.99394,31.63716814,83.68000031,-79.13125081,36.07151326
162,84.3700532581492,84.3701370418147,84.3726570225031,0.993385636221604,0.993386882880476,0.993424378927728,371000000000,1.044536,50.9762533,84.37000275,-79.10887611,36.04834707
163,84.8800256245561,84.8800448617672,84.8803333883834,1.00097376895459,1.00097405519463,1.0009783483258,371000000000,1.046813,13.46085724,84.87999725,-79.09068678,35.95609831
164,71.3300275109323,71.3300429909785,71.3302791803482,0.799356601063136,0.79935683139845,0.79936034577767,371000000000,0.790019,4.362801378,71.33000183,-79.06672769,35.96510476
165,72.3900269879295,72.3900450282881,72.3903169617447,0.815128861009336,0.815129129440814,0.815133175674099,371000000000,0.747673,10.95768374,72.38999939,-79.03275312,35.96297023
166,60.0000147542798,60.0000757333566,60.0008855280296,0.63077170053289,0.630772607870933,0.630784657209035,371000000000,0.60679,44.22187982,55.29000092,-79.01109837,35.95095432
167,77.8600872415038,77.9200327551449,99.9959362897929,0.89652061082902,0.897412569970768,1.22589092930172,371000000000,0.822262,71.08585859,77.86000061,-79.06112661,35.91755449
168,87.7700284609789,87.7700533149679,87.7704255594617,1.04397555996532,1.04397592978019,1.04398146859134,371000000000,1.156149,22.75334608,87.76999664,-79.04590046,35.92656293
169,67.5000980653772,89.0850738728529,99.9979113764867,0.742369174086264,1.0635427753529,1.22592031759994,371000000000,0.675853,74.40510737,67.5,-79.05360914,35.91853932
170,81.2300416259562,81.2300802535164,81.2306966226891,0.946663839870028,0.946664414628727,0.946673585892511,371000000000,1.050435,35.59742191,81.23000336,-79.03439056,35.91428411
171,67.4821289512238,94.6046735579771,99.9994226254201,0.74210180269073,1.14567164703816,1.22594280422521,371000000000,0.467075,100,54.02999878,-79.05119511,35.91340217
172,67.3906948030103,94.5575883582721,99.9994230173875,0.740741308478348,1.14497104291006,1.22594281005749,371000000000,0.269164,100,33.09000015,-79.04965692,35.91021633
173,67.4460383596128,94.5848786269817,99.9994228304558,0.741564792810203,1.14537710840484,1.22594280727604,371000000000,0.486198,100,44.77999878,-79.04309904,35.90649278
174,67.4736221971963,94.5346063623958,99.9994232256588,0.741975226462409,1.14462908235168,1.22594281315646,371000000000,0.162987,100,21.93000031,-79.05008345,35.90494336
175,60.0001439218873,88.255941491583,99.663359564908,0.63077362248203,1.05120570186279,1.22094235463657,371000000000,0.416423,87.79495525,40.33000183,-79.04404864,35.90016694
176,60.000029033027,60.0001882309123,81.6570675539074,0.630771912993479,0.630774281778072,0.953017771249781,371000000000,0.365415,60.57951482,50.93999863,-79.05896635,35.90965866
177,75.0300552050306,75.0301774045586,76.4960071751226,0.854411155207612,0.854412973475227,0.876223784404783,371000000000,0.924401,56.09756098,75.02999878,-79.05817906,35.89983487
178,88.9700709205268,88.9703655274361,99.9980239253806,1.06183158917024,1.06183597277312,1.22592199227097,371000000000,1.069609,63.97790055,88.97000122,-79.06651689,35.9405322
179,85.8900432429532,85.8900985097128,85.8911310808425,1.01600232394287,1.0160031462845,1.01601851042441,371000000000,1.077901,43.66341714,85.88999939,-79.06400732,35.92667699
180,84.8300299737822,84.8300488733594,84.830332562856,1.00022985877605,1.00023013999227,1.00023436114952,371000000000,1.055529,12.75862069,84.83000183,-79.04872702,35.95583562
181,91.730049775027,91.7301138840086,91.7314649794506,1.10289868862062,1.10289964253007,1.10291974615181,371000000000,1.222715,46.5392562,91.73000336,-79.04503341,35.94561257
182,87.6200405707228,87.6200780479483,87.6206715151288,1.0417438154737,1.041744373116,1.04175320360964,371000000000,1.125369,34.82972136,87.62000275,-79.04858851,35.93800534
183,81.4300282624388,81.4300468556412,81.430326348158,0.949639540598962,0.949639817256477,0.949643975964781,371000000000,0.903531,12.13235294,81.43000031,-79.02845695,35.9503089
184,86.5400285020228,86.5400466217297,86.540319071291,1.02567377821215,1.02567404782429,1.02567810173696,371000000000,1.127758,11.03038309,86.54000092,-79.03369366,35.9380982
185,62.1700306973311,62.1700566350686,62.1704471715306,0.663060448106766,0.663060834047276,0.663066645033726,371000000000,0.642349,24.26653406,62.16999817,-79.01141515,35.9392307
186,65.6200345225411,65.6200591458258,65.620428665438,0.714394772629968,0.714395139012079,0.714400637278356,371000000000,0.712859,22.52934495,65.62000275,-79.01733808,35.91323711
187,60.0000100024054,60.0000554310662,60.0004859463914,0.630771629827386,0.630772305783046,0.630778711634906,371000000000,0.496851,34.20647149,44.86000061,-79.02627327,35.93015239
188,76.7800262930779,76.7800442356418,76.7803146549176,0.880449846261692,0.880450113238033,0.880454136941067,371000000000,0.924341,10.71044133,76.77999878,-79.01341952,35.92652677
189,84.9900256856768,84.9900441295807,84.9903213066002,1.00261051462828,1.00261078906431,1.00261491331918,371000000000,0.998756,11.77474403,84.98999786,-79.0297625,35.88603298
190,87.5200259869915,87.5200467281134,87.5203568681683,1.04025564868942,1.0402559573069,1.04026057203519,371000000000,1.080361,16.33237822,87.51999664,-79.05435273,35.87047935
191,78.6500475595681,78.6501111257373,78.6514327516393,0.908274823688622,0.908275769521301,0.908295434651078,371000000000,0.916013,46.33792603,78.65000153,-79.06873474,35.89557033
192,73.280027702284,73.2800476835427,73.2803473831246,0.828371624731135,0.82837192204223,0.828376381421517,371000000000,0.841606,15.0055991,73.27999878,-79.0741095,35.88745941
193,69.6900330282164,69.6900556408684,69.6903942806567,0.774954306672385,0.774954643137292,0.774959681927295,371000000000,0.790708,19.57943925,69.69000244,-79.07226721,35.87631929
